state,voter_turnout_ratio
Andaman & Nicobar Islands,0.0042730920.3087206710.0042285420.0065971190.337722750.0084756460.0016186520.0008353130.0014070390.0138736260.0011657260.0015926640.0058917430.0012399760.0031444910.005806356
Andhra Pradesh,0.3107931860.1872324680.1328719550.068110240.0295985950.0036464440.0034531210.0063904750.0123236110.0444338430.0066292260.3967404610.1924699460.0065176750.0060398990.0015750460.002118770.0027123070.0322565260.0019237310.0022913590.0016564290.0064538310.0025951430.0050920650.0018760240.0037611680.1385263190.1939025410.0030751670.007304570.3258671280.0024322770.0025425420.0019828350.0013296280.0051805190.0253467540.0015765950.0030487290.0011432740.0017777810.0043287060.0024832180.0036974230.1506042340.2936165320.0049599220.1818769370.0032021270.0024401930.0292836550.0017517790.0013220220.0023586530.0010700490.0026667680.001645510.0018827780.002065910.0054331230.0048563250.3519283170.1089677680.0056595130.2518621740.0124723770.0085674510.00227280.0016072190.0033237530.0030622260.0077420480.4280084310.1183491890.0043244020.1695539410.0032613660.0049467310.0076502150.0021462520.0218120960.0021358370.0013364440.0019353380.0028909640.0069627890.0019267480.1644179560.0733659790.1555693020.0497153230.0024985210.0361979250.0058257980.0002519570.0012864890.0004366840.000187240.0001661910.0026078490.0006437160.0008410090.0007103180.0004860070.0004448520.0005318740.0041591750.0004087230.0004162630.000129120.0001558240.0017960570.0002824310.0003242140.0003223290.0002434750.0027306860.096917160.0015118220.2314313310.0759591730.0004271970.0004900350.0002502980.0002888460.0005064050.0059057710.0009573640.0766313870.0004609920.0002925430.0004150510.0007899710.0010867380.0003368990.0019490520.0238612360.0013745280.0012203360.0004113550.0006040950.0001536640.0001700340.000195380.0004678570.0001985490.0013101050.003470380.0270456010.1708046820.0204007530.0017002910.2818468670.000873730.0003279920.0119546930.0058923320.0002660130.0033556070.0011529070.0003992940.0003433490.0004058760.0032864990.0027495360.1991049640.1616368380.1656873350.0035384070.0026492290.0183670420.000807720.0260094890.0013289620.0034148470.0006457180.0011646720.0010131960.0112851940.0009418060.0045845530.0111224050.1922867080.2337671680.2355928240.0214200930.0064179920.0032065290.0028428070.0022922910.006370060.284352250.1241124890.0081831440.2730641270.0155587370.0370133450.008385540.0077070660.3159201070.1866619640.036419350.1744425480.0263560640.0015444910.0030080110.0376479830.0062268170.0060506350.1228012920.2798611480.0362106630.3003297060.0037199110.0015694530.0017423470.0012451080.0045884040.0179629280.0051741010.0234573530.0073091460.4302565130.0062011550.1216944190.1749699890.0036214590.0047796240.0014683520.0013643060.0010020950.0013090320.0059683520.0020880780.0091261550.2310760270.2058527140.1556302660.0044864510.0047841540.0026396830.0926065820.0015807820.0098487120.0049398540.0025214660.0677898170.0024818210.0022280880.0028292610.010116140.0042377650.004832450.1303244470.0033056370.2848291320.0618801930.0034729670.2933025610.0028737730.0006366880.0006825120.0007380580.0037270870.0009956490.0010352250.0055927130.0007748560.0031133120.0045172180.0011227080.0009317720.000669320.0006103040.0008345670.0037499990.0008845580.0007088960.0065682270.0006172470.003465330.0415643620.2529143150.0305720170.3247488880.0067348350.0044736470.0182459090.0070350690.0059630290.0036263890.006042410.0129933820.0170973720.0056934650.3936724660.0035551440.001810110.0080800660.3033494470.0036301240.0014677530.001516560.0043417180.382229280.087257860.0029150780.0024135590.0017845240.0045599740.3060675230.0036509710.0025667220.0046504470.008674930.3289775860.0293857670.0035838420.0015768910.0011085250.002508980.276460220.003856040.0010162440.0010963370.0011183910.0006488640.0007823510.0009251250.0031444950.001515370.0013795620.0008937840.0005768970.0008003430.0010208870.00425360.010584570.4056179420.0126795070.0044674390.3714168080.0039287210.0020514120.0023032890.0061392510.3626916920.013928040.0017704420.0010540860.0024487230.3602725820.0026976150.0045420890.0048198890.0012952220.0016611550.0013445770.0007910930.000999090.0008714720.0046788740.002648260.0011965110.0008185910.0003497170.0006416180.0009871040.0030727140.0089714370.0053164340.4378542790.0033582130.0023809440.3490560550.0021114030.0073136870.000634820.000817460.0004602810.0006068350.0008623830.0012401820.0045225410.0149464280.0042771430.4436668180.0038563940.3258614090.0082447040.0006972610.0009350750.000415120.0009540720.0006958540.0005382490.0009020060.0009779940.005245990.0204395680.4077694960.0064081660.0031938950.0175543460.0050625350.3433550080.0051606460.0010188460.0012112950.0009433760.0009667720.0009796020.0017252470.0060406270.008173620.436676510.0082436590.000848880.0031398750.3652879610.0023974550.0009266240.0016235180.0020122370.0009119150.0005259970.0009245230.0027812720.0019057770.0052837860.4288872290.0029832520.0103051830.0056174240.3696917650.0032140250.0006799040.002482270.0012926210.001166280.0010260630.0059672350.0254136590.3790016450.002289530.0033850790.0048187520.3312462090.0016433230.0005132590.0019737770.0007465580.0003221450.0002703720.0006481250.0007024550.0006072180.0015723740.0011978170.0017954470.0004263310.0004787430.0008961260.0009721880.0033838010.0297821210.3933907840.0026863580.0010407010.0009255630.001814230.0014910780.0016501090.3494275190.0035673910.0005776020.0007436310.0048320090.0151452840.0032418820.4175062930.004642010.3942170270.0033943710.0012390580.0009268180.0006423030.0007380220.000676630.0039508580.0058242710.0165632420.415046620.0028342440.002129990.0060403570.3915327320.0026253370.0005377020.0005168830.0004415050.0004795530.0005908260.000865780.0044121740.003988540.0090844040.3906252980.0025329680.0009468020.0029880040.4012081250.0021813180.0005142120.0005978730.0003346460.0004251090.0004475550.0006794940.0013168170.0039320860.0074726770.3276239820.0103859040.001584710.0045588150.3946941710.0035499020.0017172440.0009480360.0005935530.0006569660.0008402320.0034243430.0015453930.0045118880.0786905850.2892789870.003877740.0010892220.0024294920.0013429690.0076886690.319061190.004401430.001363890.0017580080.0019031020.0063335520.0108784340.0040516780.3970917970.3567565490.0042566370.0013507760.000903120.0018218560.0006194310.0007124760.001040410.0019721590.0014796080.0057629220.4177619570.0252002080.0021438010.0031254840.3504786740.0031731850.0008689970.0007597670.000881440.0007964070.0016121720.0014047740.0056612670.0092354430.0035570550.31066020.4334143860.0024567220.0011745050.0006017650.0016543690.0006669070.0005727410.0014447510.0020761850.0021935710.0007849380.0039072780.3504816240.0142392230.0020540090.0006219930.0008866050.0025601960.358873240.0034729510.0004731880.0003897570.0004582450.0004271140.0005447890.0005105450.0034548950.3449145290.0070945730.0211750890.0038344240.001826370.0046246860.3686890990.0062350670.0009243020.00159450.0008912680.0011618890.0010773990.0010450010.0055204010.0197151350.2869959560.0055041330.0026186470.0101398650.4044600350.0401783580.0023854160.0017677210.004782930.0109494710.4097266180.0114143940.0026194150.0039535740.3793254270.0029762010.004818676
Arunachal Pradesh,0.0135791690.0204527140.0328318110.379202490.2857536270.0081654130.0021941610.0052883750.0040659140.3788087140.3389051630.1034652580.014406595
Assam,0.2236472310.0047650210.3112066330.1943075330.0031372290.0026706760.001951120.0020986330.0014271050.0020514630.0013653550.0021140710.0016123540.0016929720.0029476920.0036586720.2841134720.080675360.0072431440.0117527770.317354210.0081071520.0029410240.0078119180.0018129080.0031570260.0025844790.0020468320.0015139010.0023222580.0029721510.0080901740.0058678990.0040653670.2692237590.3035358790.0131908350.0167494980.1542215510.0167281380.0063844780.234064610.1928728920.3822616420.0028822720.0021139670.0009386090.0038286220.0050794560.0153635160.0017965820.0017565860.0259378670.002971940.0015320940.0037486310.1619153330.0116488380.1850907890.4214146790.0133340240.0074654330.012077940.1942415960.0192806820.2463739030.2759791020.0515547610.0021668480.0013543670.0039924820.0076521410.0024003840.0012998290.0170914590.0140785690.0011529950.0011851590.0033457140.071402040.3979591840.0450228120.2336825730.0034521690.0012542460.002501730.0016855070.0042460220.0030079020.0012407210.0013171930.0011834970.0014800210.0013676540.0038210030.0018415730.0064673540.0034958670.3057863290.0492915370.043853040.3208845430.05696930.0027472890.0055031550.0022590580.0024134450.0050142640.0036491970.0082095380.0070740710.2862020950.0321451480.3544953510.0197766220.0069166570.0033709970.0085148240.0041339570.049802790.0132323150.2060607090.2300619270.0230608560.3242681020.0044852580.0018262580.0042404890.0074316830.0057629170.0536171980.3042198870.1587235690.239799920.0037283350.0044866280.0017732410.0020353840.0016545210.005675880.0065762250.0062674180.00342090.0085114180.3837119560.024321430.0061631660.0391984440.2976075380.0048373840.0030761190.0048415870.0029189080.0039823920.0123145630.0406562280.2748515750.4397063070.0063256860.007633160.0083375950.0149505690.0260942780.2238903490.4280284820.0571267850.0032989070.006355340.002021550.0048187380.0019230230.0028782460.0041248570.0044267270.0042017220.007829052
Bihar,0.1690363440.0560291860.0080104460.2499062880.0246382320.0189503210.0037930850.004124680.0086372490.0030008280.0403797070.0055011750.0074049260.0079012880.0106515320.1846784630.0121409790.0861905480.2626985990.008785350.0030407290.0034957410.0041170490.0074316350.0079680260.0045812610.0064557990.0133064620.0893546860.1447202120.2782360020.0071953990.0019586550.0052193740.0018113560.0020468950.0021031740.0019530970.0017085250.003399680.0074754060.0072989250.0079006260.0092138070.0177991530.1590165840.2507105590.0532426620.0029606930.0031235680.0020675720.0019147920.0017822040.0125730160.0309651160.0055565990.0039985170.0081848110.0055491950.0078543490.0617100360.0054104540.1671837320.0114564990.0024636270.0017543820.002346160.0071432470.2611348940.0049863040.0028579340.002979210.0034630460.0056168150.0038592580.0130883340.0048167710.0019023260.0038827520.0037773490.2073340490.0346423960.0062137860.2199489870.0058200110.0190081040.004146620.0059699040.0051995540.0040931740.0045784820.0116332640.1100398280.1678687130.0085051290.2010788750.0056269310.0056586980.003260.002233870.00441020.0033882660.0025461440.0028835920.0058876590.0045744290.0052079680.0106628790.0082911520.0048447470.0023711270.0048207720.0139179580.1636705440.1791151320.2182293590.0075813640.0031627250.0062952980.0033534720.0039093250.0096710570.0058390790.0070051910.0144180950.0111659060.2570212150.1647254640.1397117930.0032438080.0035814810.0029269240.0021488890.002110460.0033338960.0040168030.0035562820.0067433910.010462840.0387924860.2076796920.010356570.3429217720.0104309270.0038631260.0039708410.0037679210.0035802890.0079166640.0119569980.2981669960.2188432870.0696623110.0018562330.0017207310.0010736420.0021403710.0232239960.0029886390.0065407150.0058016780.0013688420.0017629030.0030764380.006222010.0107481760.0072700730.0031206830.0055092440.0014801470.0011579850.0022724160.0785681520.1909212920.0070743180.2646399090.0057891130.0049992860.0029470010.0021736030.0021293720.0318748710.0032458710.003995890.0105078520.0036957560.0052577170.0118638260.0058105960.0075709610.0104792680.2137906340.1463377320.1812187920.0055270550.0021834710.0038529450.005554290.0025473820.0031117930.0052378960.0070968590.0127044610.187172380.2106055390.005907940.0698748530.0077609010.0169026610.0019766690.0050486640.0019392220.0019586140.0060925010.0030479220.0067404690.0039874420.0107827440.0141115190.1591329690.3025049590.0058458270.0548807730.0048789350.0128564370.0024069160.0015927930.0014819230.0015238210.0014638740.002169060.0044767090.0027775580.0051425750.0085621480.0039436290.00530050.0017758580.0020285390.0011660710.0059315580.0011273960.0015173750.0014625850.0021490780.0015276890.0024146510.0033589820.006246120.1316352140.1950111120.0926898130.0151163140.0033313730.0020372580.0024682040.0025537550.0035094980.0049593920.0041051610.0070707090.0665438310.0078968490.0096902230.0143361420.0052696730.0073675830.0045852670.003500560.0017027160.0019044630.0038689390.0606820730.0101224410.2893171420.1159249430.0037852650.0075070790.0043188520.0027712680.002850430.0100795360.008449770.0051310160.0085579370.0057461820.0107811160.2383013820.0093256430.0506688580.1655026660.0517987540.0061258680.0016695870.0020781910.0025680050.0036339570.0056597140.0075179360.0067410130.0136898440.1953347850.0068139690.1719405040.091033380.0029207070.0039157940.0070636540.0064564930.0104660710.0054041610.0142527590.0100731770.2307862280.2041748440.0695426130.0043964540.0018313690.003313750.0020906720.0063344030.0095454720.0064708790.0124536960.0076918090.0580704880.2762285650.1395243660.0054299760.0022497090.0038459040.0023533730.0019387140.002537060.0019496260.0053929960.0127580480.0147913340.0045733770.0091218980.0839065860.1801149470.0106561620.2225131240.0371920960.0039482070.0039748510.0084068550.0017781310.0017402680.0022100420.0048849510.0053715530.0054760250.0055875090.0087784680.0062522040.0029455550.002172180.0043268310.1751662230.1330212820.0085167280.1797340030.0049340260.0043889760.0066163670.006424270.0105267640.0078520340.0081903630.0089760320.0194163850.2079494750.2407448110.1082996630.0050675780.0027311180.0048567570.0018799620.0018681560.0019142560.0025888840.006826670.0062650420.0149666140.1578421960.2082893320.0162552840.1462351660.0043011120.0030014860.0026901860.0034614660.0044146140.0037979880.0096184290.0099071610.0092181870.0158424310.078474420.0066841150.2181300020.2125020540.0047616530.0019289890.001867280.0014335390.0034592450.003428390.0017830240.002808930.0075415090.0055152110.0030646650.0112363150.0042258560.0020435060.007046060.1840323310.1774855170.1424422510.0068140040.0014624490.0016012070.0039097590.0014714840.0019213190.0015521580.0027861390.0028474510.0030468760.0083067860.0074348670.019886980.0071354080.0062944670.0065262230.1063794780.1417612020.2051827230.0293427150.0027383980.0039355020.0023000210.0043494590.0029727020.0064663390.0059674970.0047163230.00896520.0652008970.1649525840.0120878070.1600206360.0044862440.0023632570.0011998150.0093362230.0014236920.0011337280.0021701190.0023565970.0068551360.0034775180.009978140.0078741090.003251080.0038279340.001854540.0030984130.0011460230.0013340390.002793080.1130893320.0049793220.0467689390.2496622990.0055676330.001112910.0015491340.0009423250.0084167030.0009536290.0013806040.001285550.0016328850.0012732180.0014972390.0045389880.003112140.0006386640.0009423250.0039702010.1975376630.0560045250.00990050.2207636310.0033719760.0032469810.0013063960.0014308150.0024780050.0017366770.0297354840.0047140850.0036110210.0031173790.0027671630.0095877250.0046564840.0014515510.0009774930.0026237360.0026945860.0416340780.004185770.2143440860.139874980.0037741540.0060015950.0541541180.0031131560.0041205470.0040038040.0032222260.003074790.008058580.1944399580.1137790570.1126295280.07131960.0079546720.0013659050.0012592410.0042062060.0045798330.0011361210.0016700480.0020948750.0048023030.0037362760.0032267290.0075712920.0055946620.0580377390.2277018710.0196100510.1883132110.0068449820.0046562050.0024294870.0017465430.0024755140.0027336390.0038214970.0083215830.1478281720.048532860.02878920.2144128850.0043895890.0014925110.004425020.0030337390.0206800380.0025320170.0012957450.0017797510.0044123660.0034538440.0062756320.0064439270.0708598510.0074337110.1969490870.2266979850.0042445230.002607420.0015007950.0019118270.0019856020.024145510.0024739220.0054502170.0074653290.0062350430.0029524060.0072735140.1572720950.0886220320.0181186380.2004624540.006024790.0029997010.0043634980.0021697060.002406010.0037274930.0046837780.0039846290.0056491770.0113621490.0877963080.1403416940.0106745090.2172663590.0245504390.0036922560.0059965860.0048697290.0050775180.0050275690.0040392380.0039453330.0130873960.0126738150.0992492160.2302490710.1475554530.0047182860.0015316580.0012797250.0009735120.0018514420.0023936590.0019417130.0021311050.0021051450.0022083960.0038014150.0039742870.0071225650.0043212120.0044185630.1280510610.183988250.0096767370.1285720360.0069300090.0040317590.0046159220.0046081850.0049228340.0053902930.0067391560.012584014
Chandigarh,0.3110494880.0258999310.1978498540.0031988870.0010402880.1766523520.0009200050.0008939980.0007054460.0010727970.0006453040.00063230.0009964010.0016205740.001207710.0042960660.0033386760.00504865
Dadra & Nagar Haveli,0.0081944280.3793343740.4109421810.004994990.0019227150.0031587460.0011800790.0017701190.0021261770.0061750690.0058698760.015066354
Daman & Diu,0.3374676960.4199343630.0043817680.0065189980.011768178
Goa,0.2566811720.4615523410.0109420860.0307639480.0062393170.0080086760.0035173760.0111942980.3052173340.3645018850.0081362680.0012212650.0218965920.0009718780.0014358120.0206221490.013114850.0012524390.0014486480.0047420310.00794556
Gujarat,0.0138416020.3669719690.2010539960.0102993780.0137607560.0110048230.3350612350.2015700880.0073727780.0013241310.0043352590.0005442990.0011677690.0013973640.0071893650.0021785160.0013617370.0016724820.0035547670.0047548640.0114777820.0060786880.233212230.3183869250.0037994870.0016946640.0005587480.0011316180.0011297760.0015589680.001214510.0010757440.0015657230.0034562560.0046001540.0074055610.0065184060.3872931790.2478669670.003220490.0007235260.0008943950.0008349910.0006888180.002490290.001103310.0012040960.0016199230.0039927410.0040975320.0077525380.0103135210.3417448510.2894779190.0055983270.0014320720.0010359940.0011610060.0021827660.0042182390.0060618630.0138219130.4461081260.1674871340.003499480.0009452290.0004665590.0003765920.0003938930.0115146030.0003852430.000394470.0004573310.0005328810.0005674830.0008500710.001832210.0056327320.0038668440.0021724690.0073686310.1916237160.3955358610.003760070.0006161690.0005587350.0003483510.0070850130.0004881910.0004357510.0004394970.0006829680.0007497670.0014352320.0025258580.0089634870.1934260950.4021793530.0040439260.0006132690.0009065430.0016710110.011295620.000526590.0005259380.0008185610.0018489310.0107996610.196839780.0064907820.3193195690.0080734880.001358760.0008094610.0007406480.001791560.0010569480.0007400450.0008529220.0013002090.0018724460.0038867430.0029082660.0087616210.0067702610.0066573830.3753805750.2265459620.0076420060.0065137940.0005979280.000570750.0004880060.0008117330.0009880920.0007012070.0006522850.0008503870.0009433980.0012538370.0034740240.0110218110.1562255760.3303205580.0079130830.002485020.0051577970.0010856130.001051180.0014325410.0010193450.0006652710.0011070520.0018632780.0019548820.0029073110.0106826630.2101516570.32931870.0055977350.0008525090.0033386540.0006390420.0005955330.0005057950.0004799610.0005282290.0007090650.0012311750.000807640.0010476210.0024929430.0058438340.0039505030.0026826160.000847750.0005404660.0005567820.000402460.0005166720.0006016510.0009361280.0044787320.3454487690.2540128420.0112241790.0016216290.0017266410.0012729350.0018289610.0050984720.0114584360.2938297210.1887140160.0052627830.0092869070.0012171280.0013039210.0104421360.0014909650.0010448860.0013873510.0027128020.0023138210.0068048810.0054949050.0128797550.0058606570.3446336260.1593202010.0310686970.0022213430.0008522880.0014273790.0010874670.0009563940.0037076730.001161470.0014154630.0016976780.0034681040.005715160.0047349350.0060143080.3279059680.0043290650.285533240.0026742670.0005852250.0011958370.0016314160.0008417630.0009747080.0009793840.0007101540.0008451030.0019874950.0044686910.002686960.0112716030.3552632240.2096524110.0036205610.000640210.0023395160.0005901930.0005864420.0011628810.0005020390.0005289230.0005970710.0009027960.0017005570.0021850910.0046527740.0127122880.0101200820.3223724480.2141720480.0043985190.0012640590.0008479910.0009494710.0015228330.0023790690.0034414370.0068860450.0072145860.0164784320.0205119120.3620368830.19886950.0079567070.0029516240.0034347080.0035969160.0027207080.0048435820.0079644980.0228827040.5160551560.1680598610.0035292230.0008435470.0013727470.0006769130.001282410.0061654580.0110192080.2787122350.3957000730.0150464910.0081416130.0187560410.27909390.3872193390.0051321010.0347706040.0033988270.0007639950.0009918540.0013085980.0018771850.0019004650.0018651930.0023653520.0036153980.0069570840.0166590480.0072021290.3090782140.0082212690.385829060.0067170310.0013530710.0045356380.0033046160.0033151480.0053323640.0123851840.0042760840.484082940.124806950.0017788940.0127197680.0007998290.0010828340.0018159550.0073689350.0063696360.4651596770.148878910.002183470.0007163010.0004726220.0081031520.0012217910.0006171290.0005836940.0006001290.001266560.0010126810.0016366110.0024180820.0042842040.0015521740.0034392630.0019890950.0052827180.2709996490.0093924780.4085628820.0075208610.0019622220.0053218750.0019721430.0039866120.0064164080.0084368290.017595851
Haryana,0.006572230.060639060.076559420.3616830060.1607439980.0020278610.000762220.0375945980.0008543960.000551280.0018287380.002224620.0020018620.0016042080.0046182280.0459979220.1920119270.1924483750.2790279880.0021695620.0009896830.0010237180.0005085220.0011111420.0007287490.0217249850.0010911210.0015642740.0010630920.0018485660.0025939980.0013620660.00133070.0018452290.0040448220.0013900950.0005071880.0016563680.2352427530.3049398480.0124958070.0067411120.1451723730.0402539630.0013254590.0025340890.0014151880.0017470040.0012917350.0008220130.0007208420.0008033450.0024907310.0044009330.0033940420.0020667760.0024287030.3048426270.3258276520.0043048060.0200618610.0675465170.000969290.0004645470.0007874240.0187729890.0002022920.000197680.0002253550.000753160.0008183940.0012427470.0034600550.0017046590.0006319160.0002602780.0002556660.0002688440.0003867930.0001370580.0001403530.000129810.0001159720.0001680280.000395360.0011353410.0003050860.000450710.0011781710.0006905610.0002945430.0002444640.0002391938.43434E-058.8297E-050.0004612530.0001798890.0001614380.0010839440.1393261740.3531494290.1115594950.0064981680.0609313780.0007801360.0005254340.0006792050.0004506270.0004785310.0190343760.0015757090.000513560.0007480760.001043150.0020435530.0016475480.0016166750.0007575750.0011500180.0005580880.000916690.0008715680.001738980.1903692380.186569460.2449943130.0170076240.0003302310.0001827560.0003471660.000646350.0342911460.0004734730.0012397790.0002519070.0004628880.0009702310.0006809260.0017816970.001705490.0031082680.002787210.0006654020.0003880920.0006343550.0039049160.0016956110.2037858820.3126382770.0119233840.0964078010.0005288650.0015929740.0298301510.0002666650.0006041440.0002513540.0003917050.0020101970.0012963250.0015623520.0031463950.2744682180.1866787160.0188844380.0023346030.1819070610.001097080.0010129510.0004091150.0150619580.0042505930.000265280.0007191750.0004803540.0006750740.0015991460.0021378480.0021677010.0009050740.0002666370.0001987910.0006920360.0002449260.0002015050.0005604130.0001865780.0003548380.0013528620.3494920610.2005836610.0352370260.0724768630.0007745650.000386470.0005002960.0430677770.0006249640.0003788810.0002466250.0002650540.0003067910.0005084270.004239240.0017057780.0016494070.0005534160.0004357950.0002677640.0003067910.0003712930.0014407240.10666980.0761179350.3749333470.0379233630.0005556350.000356250.0003935990.0011147170.0004085380.0002752320.0005608060.0387019410.0009969250.0009704930.0006228630.0015864610.0011158660.0003821070.0014652210.000370040.0002539720.0002355850.0003769350.000241330.0002338610.0003010890.0006343540.001912257
Himachal Pradesh,0.2273087340.0047266770.3624365470.002985060.0006419830.0005061180.0194104410.0007921490.0009002060.0008620680.0032623520.0044374670.0069156150.0121391710.2807421370.3153872370.004491450.0081353750.00078320.0008023240.0016237720.0016759270.0053815690.3590890110.0046701970.2802214320.0018658350.0122858160.0007630050.0005185550.000483290.0013560960.002955040.005187950.0051891730.0099136180.2616574310.3346500620.0038019250.0123404340.0053521740.00675156
Jammu & Kashmir,0.0055073790.0034775930.0026394770.1471968460.122658860.0046743020.0022624090.0597548130.0048607370.0016317230.0061313470.0030694530.0185510840.0033642210.0017215810.0038361860.1308143440.095792020.0037002060.0004829240.0027095090.0004315660.0132948980.0010064360.0005036320.0007156880.0003818660.0013816750.0009583920.0023210160.0041243180.0033393720.1037641520.1540407170.0025454540.003627580.000617150.0024993410.0014118360.0012050940.0025254720.0056411940.0026430610.0045621430.1865581690.1583204910.1693061410.1863422940.0072378170.0172299250.3317529710.0111886960.2902464960.0207348580.0012538530.001231390.0014886950.0013416630.0039174390.0103384990.0049956710.0062740290.0071323940.016881160.3354669930.196257890.0049081380.0912012250.0017119780.0011930820.0032692060.0010891940.0013970690.0038811680.0016183710.001071880.0022600920.002730290.0040164380.0013359270.002860150.0027730360.002371013
Jharkhand,0.0719441260.0035279770.0049953190.0428780310.2803961970.2498546330.0120830430.0064175930.0056602780.0047729280.0058412950.014684510.0207706070.1242073160.2637879610.2331292830.0071159870.0049361810.0045662030.0029370430.0033855730.002932330.003587450.0080774580.0074121260.0081277310.0143945760.239192040.1216428250.2010457820.0131200450.0069136240.002730750.0031934180.0028074420.0177561590.0032261070.0024541540.0088221320.0045751370.0056947190.0046813750.0140491530.0078012440.0113739390.0897755690.0271789070.0793684410.0161980920.2254080190.0226686430.003599830.0059738130.0052149920.0044058870.0035404040.0082060890.0063547470.0043754120.0136984010.0032067060.0022429420.0015359270.0044515990.0044119820.036794550.0155655640.0979712070.2228592160.0075985960.0114213750.0047803030.0025889750.007797420.0037453230.0027542550.0042643380.1626913140.0072454710.0042484810.0126057770.0036568890.0017522090.0038630310.0067801260.0040935690.0367355010.0041947710.2325944470.2592627630.0379586730.0075116890.0046776890.0264678720.0018688260.0013210780.0028611230.0019766560.0033552870.004237770.0024212050.0086872310.0023232980.0032276120.1325577860.2875581810.0044734950.048108460.0112575470.0022057960.0016507750.0582982940.0023973280.0158395070.001332260.0016370190.00180580.0047343390.0045396320.0069840490.0028788040.0015872840.0006296230.000719040.0004290960.000648670.0007708910.0009989310.0007862350.0008021070.0005105760.0010857020.0020179670.0008132180.0011132150.0040608010.0410759380.0015177810.0061742510.2722111980.0864807680.1513085860.0051545110.0279812840.0023518930.0012921160.0025720990.0026746190.0023191360.0025417680.0020692050.0090375310.0024780720.0007582840.0007394790.0012053680.0012636040.0028487210.0009736370.0009123670.0017525460.0008286530.0007861890.0013315470.0041857270.2303123610.0029121210.0873187430.2934584760.0079865210.0045173910.0034002140.0021584850.0023393070.0030486860.0028002140.0035753460.0033508990.0034179170.0028356190.0098813590.0969919280.0309561070.0080710930.2629902690.1870562330.0147072090.0074672580.0072408190.0099832380.0221640560.007717120.0111718220.0234567490.2421041930.1322266550.0244258250.0220478190.0057624370.1591366150.0106326720.0039798320.0043539810.012201220.0039114780.0044592110.0059324230.0102207480.021420040.0105384120.0233294370.196736970.2025351520.1057549340.0118411930.005245080.0057508240.0053943010.0149793060.095283170.1291473590.0124432170.2895051330.0225054480.0045797070.0030231650.0026926580.0050949080.0034314380.0055560380.0035717820.0058276130.0111102540.0200194480.267907590.0053715690.0199654620.1028268060.1631438860.00550390.001936240.0055651270.0020251190.0047006990.0029119320.0020995140.0029501170.005322850.0095824480.0033918770.0024701710.0023305990.0022153860.004494632
Karnataka,0.3268395780.0100491890.3289218050.0296337690.0277297420.0010102580.0024469460.0009804420.0012092590.0018194350.0023977160.002511430.007134210.350698180.0034644930.0022360750.3027127040.0053918820.0007976490.0004902290.0005819490.0004940240.0007508410.0009222620.0011113960.0021936940.0010475080.0020532670.0072800530.2900538240.0046983580.3643605610.0046135710.0007522470.0012775450.0005182860.0006336730.0007611720.0024843290.0012985830.0027571780.0069863380.0068620260.247706970.2907351310.0354676190.0017366810.0008258170.0011894230.0029070.0007906890.0008763520.001392180.0013521220.0016584140.0017101810.0023387880.0051071250.0091115510.2945388770.0066365080.251139670.0052694850.0028705160.0016707410.0023722550.0057421940.0130632650.2670061370.0073747930.2661039980.0041754780.0017338650.0025481370.0021774110.0029700180.0040852040.0039359510.0079296780.2292796460.0366829440.2868837610.0094187120.0023404680.0008913390.0028357950.0012342580.0008607320.0017876750.0008132610.0008832190.0036340650.0014410090.0013766720.0031837110.0044460770.0017920480.002735230.0009132010.0013085880.0007864020.0010880960.0008782220.0017595670.3168402160.2957250480.0062073930.0016018450.0013868760.0017171460.0013608190.0012162030.0015015260.0022311180.001310660.0041039540.0018493850.0018852130.002887750.0054015850.0084339510.0084767920.0030626130.3591570930.3019345470.0057031680.0016505990.001342120.0013723630.0040579460.002352910.0026130.0034987850.0076078080.3636185170.0062960750.3074382080.0039961530.0009558950.000624860.0010277470.0004946270.0007852450.000566480.0006068970.0008429840.0014729760.0022633530.0014941470.0046960740.0100439520.0024250220.0038473160.0024417020.0043456630.3455968320.005599050.2735765540.0026157620.0011310890.0027558020.0006304950.0006672480.0006241580.003462970.0010056240.0013775840.0008668510.0019123960.0039261780.0014948120.0081977030.3770435520.0051040980.2800491380.0043299350.0012684420.0014008010.0042844370.0029270670.0024576050.0112208820.0036651710.3292067050.0308075330.0052958140.3407696270.0026085040.0007519480.0008747550.0016956590.0007368430.0008740980.0008051420.000621260.0007985750.0017941670.0021750670.0010389360.0046607630.0029788960.0032344520.1540323750.1554886150.3880420650.0029041580.0008571010.0024765670.0048276740.000971040.0008289360.0013269380.0014299950.0017340450.0045300250.2879887030.0053694460.0107367290.0069855420.4189220170.0043602870.0011619740.0008750850.0007849810.0013688520.0012174780.005642640.0121070570.3265101320.26217270.1061091810.002264510.0020890360.0043535450.0051348520.0013339860.0010124970.0009324450.0015293120.0019609530.0024598360.0046968080.3188243950.4106383840.0028564690.0060017160.003476830.000419750.017412260.0007129990.0005117490.0005781940.0006848880.0010305270.0015652760.0021856370.0045418560.2814166450.2204448750.0056829780.1216582180.0023897280.0021417260.0085632920.0017763440.0016950820.0010943390.0013068260.002167610.001626460.0027153810.0053543150.1703522780.0068803930.0031161960.2343251780.2830839020.0054803430.0010062440.0015739030.0008198780.0007000250.0007204390.0011017320.0009924150.0011023910.0014454880.004149440.0085175150.0134137120.3141328320.310827180.0521146470.0051543740.0009842670.0006703560.0008524730.0006979130.0024549770.0007021070.00070630.0012957820.0018391360.0024088490.0026083380.0036069830.2740935990.0804272910.292436920.0079140680.0008797920.000567570.0032789090.0005896230.0021623390.0007788130.0007231010.0007051110.0008351060.0011792470.0012059420.0051789360.2742031170.3649498230.0377688120.0223977540.0012527470.0013131670.001290670.0016017680.0011730440.0021577590.0017753140.0025106360.003469640.0042448130.0081611740.0052931020.1451197450.1923134520.2979928760.0028095350.0006140440.0078501720.000460190.0003921660.0004373630.0006861770.0024744360.0011764990.0009779040.0012700890.0045064870.0385934130.2034427220.0023260730.299119040.00157570.0117040720.0003452050.0003793510.0003826820.0002548440.000283160.0004709610.0004301530.0006500180.004995270.010555250.2884507850.0030060220.2172609680.0011783860.0006202570.0206419410.0002863130.0003660450.0002811350.0001894940.0002184880.000635790.0003624210.0004675230.0009723230.000780240.0016588520.0004877150.0009505780.0003458530.0002842420.0001889770.0013166230.0002687090.0002127930.004374420.3171103160.0013743770.2027498540.0128466960.0004592930.0002421540.0107083320.0002141370.0003907490.0002931870.0001826170.000251160.0003362150.0004647970.0002746750.0011632420.0021248560.0003021930.0010311580.0003682350.0002906850.0001230790.0002071320.0037093670.2088379830.0037861570.2504085240.2561489620.0157204790.0041165940.0005613810.0008465940.0004136490.0004817870.0005378650.0008833760.0009563380.0011438670.0007326290.0023486350.004297490.0020561860.0028274070.0046321480.0033048060.24854770.1790529930.2805977590.0117637450.0032170620.0007662540.0006162180.0007294150.0010160910.0008647150.0010602980.0008539980.0011781830.0017836850.0019471160.0013891710.0044963850.0024119590.004176890.0009363840.0009537990.003413984
Kerala,0.3095237710.0024957190.3039590590.1389578120.0078095730.0005081490.0040169490.0007075490.0024579290.0021347080.0006625230.0008056410.0033721150.0009825280.0049070140.0018021540.0441233020.3654058140.3597951240.0013125220.0163808910.0052176170.0020260350.001281760.0036231080.0023456210.0060037630.3522009230.0018181760.3494051610.0645350880.0127339950.0052811660.0005860450.000618180.014569930.0014198680.0029471360.0051644650.0646315890.0010540890.301768020.285064270.0114669210.0085511680.0005930750.0009780540.0101206960.0297121860.0010468860.0012141630.0043828340.002285060.000883610.0085919870.0978956160.3362540210.321976450.0016143980.0089607980.0117836690.0005623750.0059138220.0004000050.0019712740.0008152330.002253730.0016837440.0053962680.3652427650.002290470.0539908410.2027495650.0243782770.0399292750.0010138150.0011481550.0020785280.0011097720.0182144510.0018233570.0636963930.320550920.0225611860.0080488550.0093445990.0017310460.0010332070.0020613340.299031410.0019148210.0063466040.3415968550.1130007960.0016240240.0006850190.0103447760.0040811570.00219570.007170360.2544803370.0010184280.0006370340.0009034310.0032645940.0011714810.001609960.009341240.0036469740.3385601690.0721855780.3078848130.0064290650.004324410.0007662260.0017749810.0013910460.0023932240.001728120.00361080.0176075820.3051930230.0016545280.2752178330.0805159310.0005167460.000563010.035002290.0054058380.0004281390.0031043970.0003528610.0004830280.0047393220.0007441460.0078805730.0807025140.2994844840.0016879660.0007492410.0112490510.0008100850.0305859120.0125041610.0009682770.0011960050.3115523120.0017835770.0011699290.0007822710.0039947950.0091716880.0023216760.3059606120.0856062990.044545920.000821450.0053229940.0022741190.0128189390.0010203270.0043329310.2306924730.0009338590.0020268190.0196568590.0071301830.0018192950.0084176980.2860679970.0021376760.0435285030.0034270130.0089761680.0096786580.0005428330.0009993660.0051987730.3296862530.0026382220.0004746560.0004254640.0003581490.0010174890.0016612940.0106478190.3652232310.261389710.0057961280.0227135560.0024787660.0009023090.0030246280.0015764570.0381905610.0007964080.0018571370.0120744060.3485484420.0026625790.3638136310.0338631220.0086468910.0046573490.0074048790.0012703290.0003783460.0003162060.0005576860.0010721110.0024769450.0089182620.0028762610.0636585270.2951260830.3212599030.0071415570.003780730.006189190.0009635430.0011862680.0075510830.2710479440.1049576030.0078434570.0009336010.0085753820.0021912430.0005151420.0005649950.0124578330.2286045990.000719840.0002900510.0007712030.0003474570.0007591170.0036611360.0124918230.0034983990.304145020.0481140550.3350196610.0105066770.0014014920.0013957510.0023027440.0027332780.00275870.0025487630.0064588350.0068611270.0723414930.2581912390.3136316340.0044038750.0005881420.0038852550.0089699680.0004602850.0018978770.000491450.0017748150.0030765590.000840660.0005170220.0032475680.0055330120.1955933150.2218318160.2339866180.0025613870.0111200330.0002294250.0002050680.000279710.0037870810.001327050.0007087030.0002914950.0003512090.001652330.0006623460.0019233970.0033227320.0013482640.0014543330.0009986270.002628957
Lakshadweep,0.0093145310.0036256560.4339770040.0037458440.4032290370.0097752490.002463844
Madhya Pradesh,0.2206029290.1082276970.1424917050.0017656830.0008393750.0081094560.0005727020.0032623440.0012417350.0006725570.0005004530.0004751960.0006214550.0011565640.0020828720.0025533680.0038009770.0028147550.1528075410.2527746060.0211250660.0032484720.0048308360.0011205290.0127507830.0016867310.001811720.0034822020.0054859840.2200877480.0363331230.2359106320.0025141650.0008561690.0007522780.0005684710.006132240.0028380920.0007869090.0007501470.001119360.001094320.0011955470.0026473590.0011305490.0021113870.0010554270.0014166490.0008987910.0022477780.2467867410.3220178210.0170726070.0025367260.0008227390.0020515530.0013683250.0012904730.0012948330.0017719090.0034721940.0077733550.2380041860.3174195990.0131005140.0041622760.0007419480.0010293870.0010234670.0010734570.0013286660.0025363050.0062513070.1401355120.0156815880.0099381040.2766624610.0310668780.0020237260.0032651720.00145860.0034136480.0026392160.0028779560.002974760.0025214820.0065767830.0190837570.3106530940.1815073010.0098994070.0068405810.0017171080.0015621080.0020761510.005610270.0056568910.0076289010.2789269410.1335867930.0354515090.0052442020.0015415490.0008714890.0009860040.0014969170.0011369290.0017688170.0235307870.0018715870.0020583350.0023983560.0034683380.008119410.0064580610.0046264080.2513746410.2573319320.0854385790.0054341080.0010305950.0006514070.0008242020.0006335790.0014776660.0013857830.0011615620.0015448640.0036375950.0054759350.0089386790.2481486920.113656270.1389210590.0048727310.0037773860.0031034770.0009425660.0013303390.0020482690.0021104160.00233570.0028412930.0030542770.0032737350.0068996370.211763730.0226877370.2740004880.0057815220.0025045390.0134201360.0055822190.0011399450.0033582020.0038172910.0021675670.0031519870.0061778250.0043656630.0099939630.3365878380.0176929640.0124335690.1820083840.0045809910.0035745950.0034080370.0133464360.0024657020.0130120380.0032600560.0048090470.0042581240.0053093630.0136936460.0093525380.3298680020.2079724420.0052891380.0010820150.0008249490.0024894530.0013051950.0093344260.0017468820.0009125850.0011725730.0016341230.0037391460.0041855060.0046084970.2604540360.320994880.0116545060.0065380540.0063287050.0310034190.0027292130.002716060.0036849850.0061736110.015512670.0124541260.2948898020.0284370340.2359595790.0609863780.0019898870.0016272520.0019941820.0060733580.0018456920.0027163830.0026979750.0096954060.0039110510.0072201660.006408380.0042473010.3992438150.3161240990.0087308620.0017717070.0182791050.0040626570.0020484470.0014514590.0015263490.0022231920.0024607040.0047081460.0091024640.0181870960.4266837390.1780174290.00902560.0033318330.0113741430.0040670680.0085524480.0045478720.0119505980.0059355990.1858278780.4371670440.0066240770.0010776980.0007772150.0006658350.0031847470.0020152520.0013463570.0032796030.0025452270.0064980090.3648901690.1754929520.0039049870.0051868930.0003193270.0002815190.0003137070.000320860.0002672130.0003177940.0003898340.0108816440.0004066950.0006887250.0007633190.0029337210.0028392010.0009595140.0009400990.0003479390.0002912260.0002375790.0002150990.0002171420.0003494720.0003167720.0002907150.0004250880.0026470940.2330884360.3779726710.0087815920.0055100310.0027451980.0055854070.0065190530.0106597510.411626660.2506525530.0101267010.0026071180.0006196240.0009331460.0028810640.0017086030.0030065960.0062537450.0063403190.4202615440.2172678650.0065349880.0029099020.0038787770.0006076770.000555890.0005912890.0008240020.0010940810.0013208950.0023835110.0080545090.0049823060.2426513440.4293335120.0049134490.0062604670.0021155130.0021524010.0009301860.000993510.0010359310.0016144540.0019372220.0051230940.0046816710.0052675710.2569770750.3206787830.0108570780.0035698850.0021032830.002267740.0077036210.0035739960.0038987980.0064484640.0178341520.0087902420.2721456740.3346759040.0068812740.0022775750.0064029830.0049765020.009252350.0035087170.1834588240.4041841760.0166259870.0006391520.0007653750.000273720.00022550.0001890980.0002619010.0002827020.0004637630.0007450470.0008358140.0008826160.0018257430.0006410430.0011951010.0017609770.0003498320.0003498320.0002444090.0028099990.015223640.0048530120.2298370430.3812391680.0183306010.0050162280.0041332210.0050215120.0129990980.2601105930.4077242630.0077815550.0095480490.0006445320.0006109980.0006865910.0007019370.0010134040.0012816750.0013805710.003016340.0035386720.0068409020.0097469790.1959391250.4003225460.0102380160.0028274120.0019094050.002903290.0128290850.0080437560.016622394
Maharashtra,0.2824848190.3463871750.0072524890.0028165930.0020909260.0020986970.002623520.0035888850.0054897270.0126591280.2379938250.0059073620.3160203110.0055743010.000494220.0006852230.0004727320.0004566160.000685820.0005455520.0004416940.0004703450.0008087780.0012480850.0009221860.003651140.0048090960.0009550150.0031503550.0014940010.379265080.0063455480.1547147520.0018805960.0010000180.000924490.0011223860.0015913640.0015661880.00056090.0043267760.0033964320.0013150120.0016856280.0009812820.0047658940.0056289080.0036048660.0023407920.0008998990.0019133840.379977520.0186721510.1803602260.0027463480.0007568770.0010079150.002357240.0011026810.0005152540.0007656640.0007098080.0133878170.0016681430.0017848750.0023264880.0091622320.0055209370.0021018090.0025160210.0008629410.0010254870.0007895120.0006137860.0026434220.0211747890.2191038810.3191261320.0043768630.001081210.0015343780.0007928870.0017236680.0021492570.0049685510.0013018390.0011200710.0012015530.004361820.0186739040.0028330830.0012573370.0066101090.0046979540.2729046190.1514704570.0048282870.1427537140.0023860440.0022455480.0037102960.2897009370.06089020.2041743890.0023091150.0039832860.0336557870.0008941310.0009071520.0010224840.0005016310.0006014610.0008135230.0010751890.0023140760.0015433370.0062328750.0048817570.0012469470.0032664930.0025664410.0580779670.2056403370.3435603290.0040938240.001187560.0016094060.0016790750.010059110.0003924450.0005452040.0013575770.0007171380.0009146390.0020171910.0032769760.0024805820.0016861060.0021987120.0028353160.0007957550.0004921540.0021367140.05667020.3099639530.2051558910.0037096080.0015990310.0016938280.0008662910.0154352380.0009551260.0021666210.0014452090.0013772410.001573990.0017439090.0020384360.0037877120.0023842370.0037584970.0028355670.0015125810.0007088920.0009193530.0010344210.0028713390.3092234570.0507332760.1593652930.0363434250.0006639370.000277780.0002241180.0007186510.0003445950.0002451620.0002377970.0004398190.0001962350.0003472250.0002851450.0012668460.0011937180.0004124610.0009890660.0004245620.0002183310.0002051780.0002309570.0002835670.0002204350.0003498560.0003998350.0002825150.0002851450.0006244790.0003561690.0010611410.0005666080.0018203020.3660526420.275915360.030774490.000932450.000650420.0007609380.0009312430.0011806610.0052220850.0008630.0005960680.0009529840.0011329510.0035878810.0026675090.0058797530.0061195080.0037008140.0010441750.0008334080.0005429230.0061158850.0003587280.0003484610.0025177370.0008919880.0024350.3650016990.0153305860.2036941320.0455627310.0309567250.0025401160.0044986610.0023303690.0029194310.0055542050.0044060450.0166762350.2897028550.0280716660.1549760790.0047340180.0023812650.0015601390.116561650.0021508930.0027655970.0018338470.0024753520.0012476550.0015356190.0022119070.0033238490.0062325720.0050955410.001235680.0047083580.2722652410.0149228730.0279047590.2188177240.0032313710.001858380.0007987280.0026821750.0010887080.0026360290.003659220.0126149950.0012493650.002052080.0012134730.0040825120.0042625390.0014151490.0012402490.0019495330.001432240.0008876020.0005098870.0005902150.0006939020.0012374010.0031806670.0158524110.0094477720.2946657220.2936368440.0061593980.0010559870.0060377230.0039616840.002350910.0015849260.0009620510.0013535540.0015742080.0019953420.0013579680.0049666060.0012917710.0015798820.0038816190.00315220.0022204090.0008145280.0008334420.0019587770.2922693190.2439870140.0135199940.0009169810.0020135660.0168619080.0024930990.0010218980.0006312770.000763460.0010390880.00170830.0007616810.0008731180.0011813470.0034527580.0047941470.0033751080.0028280020.0018179590.0006164580.0009881110.0008766750.0018701210.0186917340.3206883060.2501951440.0068766240.0030530130.0010361510.0044384270.0032354060.0013815340.0024664710.001633780.0034117020.0026505270.0068416980.0022746530.0040198650.0017296890.0097028930.238595930.3668780740.0147135090.002151910.002036530.0015303440.0008324770.0028671460.0015272420.0028454350.0011296130.001389530.0017828160.0026283210.0012201810.0006947650.0043131260.004778990.0040612730.0006885620.0010266390.0011748970.0025607050.3277360250.023542920.225810450.0023751180.0006530790.0005618490.0007556330.0016647840.0018151560.0075336840.0009890560.0011293610.0012702950.0013357280.000962630.0038599590.0037127330.0018384350.0015855090.0006153280.000553670.0003863110.0005524110.0005876450.0007789130.0008216960.0009947180.0040090730.3547125620.1928920770.0115827390.0474438770.0036452560.0013226960.0026578090.00338320.0025486730.0067095450.0071212540.3104172860.1928748990.0107631320.0131110180.0395601890.000755440.0004373270.0005301880.0060686140.0007033620.0009913580.0023792580.0007861840.0010453180.0021489870.0055942690.0487216350.0051807530.3378648020.0068067080.0102537850.1860920610.0042397770.002741820.0050419830.0082210230.013811750.0082919560.2422927480.1777807640.0080868380.0551973850.0008110410.0065160350.0012531060.0018024450.001249570.0014352370.0035017420.0023918650.0054880870.0989280110.0102199020.0636560020.2293882420.0018371160.0105861810.0002809520.0009724070.0003777250.0006394270.00158530.0006467110.0012835360.0008324510.0006357850.0006654410.0010905110.0004099820.0047787920.0235682990.0052969950.1514843110.2871644580.0019399480.001163390.0003091760.0010490770.0005768720.0008108040.0004365130.0003067650.0006762330.0200337540.000429760.0009120940.0008995530.0005141680.0007471360.0010326780.0002353790.0002377910.0003135170.0003400460.0004427830.0011957070.0063542720.3722266760.0030484280.12188220.0009249550.0008627310.0003660580.0002208680.0004462210.0001855520.0002589870.0030865480.0003918450.0181425780.0003509220.0003116820.0011648830.0009036530.0001687340.0004305250.0001833090.0001558410.0049095510.1587188580.2618090630.0057873760.0372239520.0005001640.0292100560.0003908940.0006094350.0011298760.000289510.0006071820.0002900730.000861770.0007693970.00620080.3148516770.0104456060.1247712570.005294430.0011016830.0007941950.0007840050.0458241250.0006065850.0003722220.0002805160.0002211760.0005406520.0005280640.0008145740.0013444360.0016687080.0003752190.0016495270.0042640750.0058304610.1679619410.2754817840.0012083470.0056836630.0003344690.000378220.0002947470.020047390.0003989440.0003384980.0001773090.0001922760.0004939310.0004530580.0007259290.0003759170.0005883420.0007944350.0005019910.0003603740.0039934740.0101955540.0504846380.1677120990.2631477890.003849060.0007017130.0006347180.0191223620.0009876470.0005518390.0003764110.0003550.0009241060.0004737940.0008170530.0010967710.000312870.0006340280.0008370820.0007479870.0002886970.0066103270.0044849930.2521186610.1655927540.0046418060.0570537690.0004556330.0271212860.0006171580.000278630.0008520410.0002692070.0004536140.0004004460.0003762170.0004717860.0007248410.0005141860.0008910760.0007127260.0003062230.0064428030.2584700620.2570934790.0068568180.0044096320.0018026060.0021581690.0846370090.0027968770.0064927740.0064255750.013284350.013298590.0933045880.2621770230.0045758370.1816151680.005762790.0156448580.0009033950.0005553450.0008189420.0044862650.0021886220.0010359610.0011956550.0014899620.0022065360.0010318670.0012980230.0017550940.0057254260.3103900950.0080219630.0509315920.1383871640.0039339050.0009788460.0156097910.0006160680.0007211980.0002598270.0001922830.0001868360.0003192010.0002690870.000206990.0010273250.0012305030.0003774850.0006699950.0004575570.0002788920.0005599630.0002478440.0002059010.0001650480.0001955510.0004728090.000321380.0003077620.0035068510.0137343660.2875912640.0048584190.2491479430.0043257630.0145548540.0026131030.0015941080.0018444460.0078387560.3527277930.0199812290.1872697510.0108452770.0010448920.0091348560.0010596940.0006436010.0006233170.0009823960.00133380.0011611130.0017860750.0021106160.0065758020.0049184610.3549461730.2322943330.0035208110.0008123140.0041759410.0006222860.0018099650.0074386880.0012914920.0014809340.002051020.0033131870.0043829780.2277381630.0070992510.3644587480.007919210.0015961520.0021835960.000977250.0063572520.0010251210.0015243450.0029536330.0019654410.0032333360.0020201510.0067559480.2786603310.3547788420.0079022590.0017644250.0010766170.0006482020.0005940920.0023880820.0008836070.0009667240.0005265940.0009081520.0008551580.0020963350.0015602580.0030028140.0018207660.0018112830.0016958120.000599670.0005678740.0004730420.0007084480.002988310.0005779150.0015050330.0003977350.0009672820.0004719270.0005193420.0013845410.0020818320.0020176810.0006258880.000252140.0001751590.0002900730.0048163280.0007051010.0012958450.345443290.0160994910.212242480.0023454030.0007321570.0021174570.0009669240.0007463680.0024102060.001282980.0008685840.0009322490.0019702290.0041183820.0013386870.004075180.0058038210.0040007140.0023260760.0019105430.0008123080.0012795690.0008060550.0152729730.0008424350.0011243840.0011158570.0026222360.0118728570.2152479290.3654562620.0058264670.0010907210.0016147420.0007925510.0016775770.0009134790.0005584020.0007629120.0012163910.0007741750.0011505920.0012063140.0020160560.0010462630.0051441740.0082965960.3041446750.2162427710.0111825710.0054388840.0008216170.0014435570.0009713760.0004839260.000730.0008832830.0008574420.0007828560.0007552540.0009884080.0015892040.0032224550.0080916690.0091413180.283669750.0051252750.2689973260.0041451450.0019064190.0011514930.001267280.0041190930.0012255970.0013170680.0051113810.0016291110.001332120.0011150210.001949260.0023961950.0026775550.0017912120.0145815310.0039865180.0011399150.0013523820.0014600640.002436720.2257409620.0068994920.3708449480.0050966980.0014917160.0028494210.0005148240.0009059450.0026129290.0010757340.000604570.0010320740.0011181810.0015044510.0010072120.0026129290.0050651660.0037050360.3037974460.0084436140.0080000090.0417488860.0071337290.0479587770.0027389570.0058412860.0014156990.0065721010.0906611520.0012581410.0021186070.005468030.0021244210.0087633820.0070476830.0105901290.0061564030.0095717150.2508750430.3606126250.0092879570.0021237980.001456820.0010202130.0017054740.004387280.0053592250.0090634370.0052841020.3455993970.3266838920.0049110130.0040192390.003125190.0004185880.0074856690.0005203910.0004754610.0005107230.0008047580.0032281310.0034772360.0062350250.0039896650.2837095950.0070519880.0031804170.0040383810.0055286260.3927550770.0025610140.0014362780.0016171920.0020348290.001447930.0157291410.0018391960.00616888
Manipur,0.3414959780.2308127570.1080761320.0466505330.0038264590.0016402450.0023440420.0082000560.0061938830.0138758160.0825106170.0670961870.3229239320.3059088650.0047126850.001180620.000436340.0380790610.0006561420.002400412
Meghalaya,0.1089146970.0075636760.0978638580.2134510680.0089881110.0051919980.0067347110.1722790950.0111752350.34029780.408014650.032710942
Mizoram,0.299763590.0169332210.2909993310.009249897
NCT OF Delhi,0.208410550.1217539710.0053522940.3026042850.0011352720.0001734350.0001879450.0002003830.0010730840.0001817260.0001748170.000212820.0003717450.0004090570.0003717450.0023424060.0024398330.0012195710.0031128430.0009832580.0197653450.0004159670.0006087490.0012637940.0005451790.0031328810.0143713980.2309031790.1097160560.3045014880.0016299670.0003361070.0003069920.0002594870.0002497820.0004004680.0002375230.0002574440.0003805470.0004178360.0006420770.0009664360.0008658080.000981250.0006451420.0012356290.0008525280.0004489940.0003386610.0019533050.3127508090.0101526140.2086486610.1110857260.0009335490.0001907540.0003651120.0001147810.0001852890.0001776370.0004159430.0002197230.0002306540.0002880450.0002158970.000828060.002128360.0005345490.00063020.0003683910.0002208160.0002547040.0002268280.0027192060.1227348710.1950425030.304231730.0040855030.0001456230.0002328630.0001335440.0001080430.0006100070.000137570.000106030.0002456130.0003905650.0002603770.0003543270.0005952430.0005784660.0004442510.0004610280.0002979570.0001429390.0003570120.0134402850.0008455540.0001362280.000199980.000124820.0003348660.0002878910.0037506370.2870380790.0717608870.0097910860.2383665630.000797050.0007656050.0002483660.0003016850.0003035080.001038580.0005044790.0007387180.0015704020.0007218560.0040221610.1877057580.3194036510.0947656430.0042693720.0003947220.0001730890.0002211420.000319210.000203490.0002245750.0003447080.0004844540.0029224140.0415424070.0008110190.001509260.0017769850.003889360.2230668640.0714381070.284113860.0025531340.0062034020.0001728710.0003200690.0004581380.000203680.0001791470.0002350590.0006931970.0003194980.0005208960.000611040.0323771590.0016208830.0006504070.0009356740.002287836
Nagaland,0.6030337150.2647120980.008195460.002279006
Puducherry,0.025244160.2838231690.147174760.0022854430.2163094090.0672097740.0140998520.0003428160.0004859340.0004060540.0092161040.003851970.0013712660.0027669390.001599810.0019714720.000828750.0065412480.0019148910.0014866470.0014089870.0005181080.0005292020.0012691970.0002196690.0006767570.0005158890.0008509390.0005513910.0008276410.024704973
Punjab,0.0037464920.2307414930.0078908940.3214311180.0024294540.1155580380.0011897330.0019162360.0009751140.0007964880.0014156820.0010990860.0027040590.0030826410.0087337250.3268722810.2573043920.0039735670.0005638810.0003404950.0004088650.0559365910.0005598190.0006369890.0006241280.0007791440.0061079210.0020869690.0018216130.0016219190.0014371180.0022298010.0019481990.0015589650.0007716980.0008217910.0029446370.0017146590.005431080.2345918440.2989185810.0027689490.0089483940.0008398310.000756040.0924396620.001874110.0005123420.0006735280.0006153220.0059530170.0019918010.0024331440.0020992590.001100160.0035972670.2452334750.0302378930.1994834670.0022539520.0007592670.1637908420.0014618140.0004621340.000768290.0004460210.0005020960.0006013550.0006142450.0009371590.0006973910.0040283670.0064930840.0015842760.0014547240.001258140.0006728980.0021044190.0009848550.0004776030.0035037130.0272654560.2242403150.2333846810.0014529190.0017013560.0008281230.000973550.1436679540.0007150140.0005985380.0004706160.000613350.0010018270.002165240.0012475710.0017262670.0011371550.0040234680.2068720240.0441765660.2220165770.0066995970.1955671330.001090290.0004588680.000534920.0009094270.0012417550.0004614240.0006454820.0017338550.0012749880.0008352930.0024726450.0027161390.0009119840.0037942870.0026690990.0053273090.1643542380.1924537580.0018735580.1798295030.0007481420.000949910.0006584670.0012708170.0008237250.0007116320.0025493190.1350991960.0006315650.0028881610.0020740440.0009729690.001238790.0020138340.000697540.0029803980.0020625150.009079020.2241650960.2239260050.0015383440.001683660.2629236260.0013815740.0022713660.0012405540.0006070340.0009062560.0006342360.0012018980.002041580.0015326170.0028669460.0056918030.0100152910.1726522690.1912169480.0025290790.3097785340.0010521790.0005944710.0009332850.0011030360.0007965230.0015208840.0010391220.0011861930.0011635140.0018328950.0011154060.0007717820.0016995690.0026225450.2999203080.3205626920.0146336240.0745096780.002401270.0004474050.0005032480.0004480620.0007147970.0008126870.0006412150.0011556320.0012456380.0010156950.0021752680.0050489090.337461950.0090028840.3247463270.0030223780.0007119960.0006188990.0028715870.0009204810.000908680.0576290790.0008182060.0012410760.0039231910.0016960720.0012850020.0043440950.0038917220.0013617090.0018573530.0008719660.0006005420.0005376030.0004608960.000437950.0010915960.0006261110.0009748970.0030276230.0014803750.0030820390.2256659620.0048668430.0023267350.0059014150.1273282270.0028966630.0007503110.0019273650.0010921270.0041263580.3742689030.0015869530.0008654190.0010429950.0011237110.0047938470.0023091880.0005601010.0037866480.001638190.0013012870.0015357160.2152216740.0054022310.2181452190.0082352860.0005923030.0014712650.0015048030.231397360.001754760.0013782430.0007808780.0007448080.0096900980.0014029220.0008042910.0025875280.0031102220.0010283030.0016611050.0005119370.001903469
Rajasthan,0.382986870.0086963910.2132134630.0038907970.0029242080.0019756590.0030446680.0031214830.0232865890.0620252160.0021700240.0017126260.0021822450.0017498690.0022835010.0069721270.0051140180.0040258050.3673376850.0071510440.1738638680.0088849530.0105749030.0015938660.0027619470.0032429950.0084729850.171634570.0061454250.1008720940.3396895360.0079694380.0022755980.0011711540.0013188320.0013285250.0016751960.0021250690.0022909930.0064390690.0061403150.1498388780.287593890.0032878340.0014763150.0061185180.0011104760.0017549650.0006939740.0017272760.1215267430.0069161750.0047352830.030021210.0023233190.1470335310.2821815240.0030437060.000923790.0005469290.000597780.0088514380.0039754060.0012255050.0024719160.006026390.1066969440.0020526790.004186720.1764587220.3722445420.0033958570.0040680890.0008104420.0017920290.0008304380.0185948770.0007804470.0021890160.0026583430.0055754640.0067828930.0079665140.002652440.1654968280.4409792520.0023490410.0005633820.000317190.0002890970.000456120.0007998690.0009699560.0281527410.0010149040.002480310.001058320.0025640760.0042623940.0119789090.3948975740.2203478510.0020978310.0004316170.0007298140.0022207990.0004070230.0002711440.0003479990.0013280520.0011343780.0052365840.0012936210.0015813660.0020843040.0007544070.0022011240.0022576890.0015444760.3429486520.0130655550.197761880.0023475410.0041479740.000567810.0010599130.0003613880.0004938770.0007020740.0010569560.0012249330.003510370.0162313770.2597065570.2421418190.0047022590.0024046960.000480810.0006137590.0010513290.0061040310.0005950430.0008938550.0019451840.0021788120.003076540.0038297020.010040680.1189370780.2067180630.1769273670.0028193690.0010727640.0006016670.0021009120.0015464860.0020156160.0111114760.0038002760.0131467750.0541624570.0055180110.2414291770.3206365540.0060761940.0085364820.0012573250.0012918120.0004085870.0004109250.0015595270.0004395670.0005079570.0013812450.0010088990.0011252210.0018278270.0038128920.0042109570.0061510130.0036159050.0009446010.0006459060.0006125880.002146980.0047372330.2767788240.3789513330.0072175380.0011103450.0006178480.0005406170.0006029960.0008162730.0020899910.0029526020.0030797360.007453390.0066952210.2470964940.2022881350.0043487070.0026044580.003440840.0023685560.0067625370.0090750960.002580630.003128090.0953022050.0051576850.0072587660.3742044290.0086583520.1644151130.0037779420.0006645310.002644980.0014852050.0010819650.0017380840.0009936420.0012396860.0030461170.0027327780.0093071110.4129637210.0078198120.1756369840.0041116080.0006980010.0049496730.000415560.0004809610.0006025030.0015227540.0013433340.0028099460.0021785040.0087308010.0076677590.2908945140.1314648910.0088718160.0037972750.0073600480.2388391050.0044978070.0040097560.0082873450.0104532210.0094568820.1092419150.0164375480.3180921530.0086637140.0021699010.0014964650.0011052250.0014224910.0017534550.0054110540.0960805890.0026394980.003367730.0071277960.0056527020.0089859110.0061277790.3632534630.0185611190.2330170410.0113810140.0029934980.0024912810.0036744890.0062977880.0146787020.3400176890.2858935470.0164204910.0128132350.0062070.0080359480.0202585730.2123537930.3864983130.0118675070.0024550620.0032640730.0006683130.0007095330.0006815040.0008595740.0009299230.0016867220.0017933440.002732060.0069661770.0110106810.1464201030.0085698630.3790243790.0061174680.0017499470.0028785660.0008182490.0015042380.0037726440.0073354360.0059722760.0030484470.0100999650.2188459630.0085976360.3591752470.005894350.0032389290.0033671420.001022280.0040515110.0030622810.0068277360.0038389630.0112245650.0062262870.2545314260.369623150.004332950.0097338040.000578950.0006695180.0009819210.0010461220.0013224120.0027640540.0029182490.0073142530.0141252720.4048893190.236283150.0081546540.0046926540.0069479540.011416635
Sikkim,0.0193893790.0196321170.4415082130.0068533050.0053186610.3289262890.011683793
Tamil Nadu,0.0081006180.0065402770.1202314030.3690902160.0258158020.0015515320.004850740.1791537980.0009378490.0006236670.0009372620.0017418030.0014334930.0018116870.0138580820.215833610.061156840.0170065640.0166979290.2859296170.0034870840.0003529270.0102538540.000400030.0002720770.0001806820.0008049820.0047940370.0001462330.0002910590.0008422430.0010503430.0003339450.0005005650.0003297260.0006777320.0006116460.0003318350.0003339450.0002088030.0002713740.0011171320.0002186460.000321290.0001462330.0002411430.0005462630.0003930.0002123180.0001448260.0001483420.0004218250.0001645120.0001518570.0002369250.0122835340.0009511210.0009171520.0002845570.0002884550.1438163780.0001442270.000237780.2419789550.0001826517.79607E-050.0001197250.0008514420.000207710.000104690.0001297490.0007177960.0095824879.6894E-056.51529E-050.0005434980.1664823450.0001486820.0001230670.000152580.0004816860.0002316558.74274E-055.84705E-050.013518390.0001291920.0001358740.0003541640.0002968086.73803E-050.000150910.0001431140.0001130430.0002773170.0001408860.0002071530.0001069180.0006570980.0112647680.0011505690.2509687220.0147232230.0002936660.0864418040.0019058190.0001965310.0195634460.2164508850.0002530050.0005248340.0002944190.0002778530.0001950250.0015202880.0002439690.000732660.0006061570.0004359820.0002936660.0165349180.0200436370.2804105620.0025568930.2276770190.0024366770.0004469550.0961180130.0097420860.000255330.0003591060.0001494990.0001911120.0006683780.0004012320.0004166450.0008867180.0005985090.001429230.000406370.0013470310.0002450550.0142183190.0045989420.2381754760.3374010130.0225069130.1399072910.0009992410.000735750.0007364250.0009242480.0019559190.0024443910.0119827880.3520683570.1803150630.0052460630.040188670.0028684280.1667569070.0010400820.0004273040.0003859290.0004351510.0015679690.0003688080.0006548660.0005735430.0011099910.0042980060.0046867880.0013946230.0003452670.0004066160.0003359930.0007297690.0010229610.0005328810.0006562930.0005585620.0005157610.0073975630.2471509050.2924110260.0164982670.0021268670.1569019530.0028515710.0003276790.0005677230.0003741640.0003779740.0004427480.0008016710.0006020150.0007551860.0013015720.0046149430.0031769640.0027456470.0006309730.0004252210.0009853240.0003276790.0004275070.0005822020.0054105170.3481927340.0062451220.1984844460.0281784140.0021978950.002655880.1630217460.001547150.0028080590.0011007590.0019833950.0012638070.001460190.001833390.0016384570.0116090570.1327398840.2879008860.0060223530.011378420.344698010.0023294290.0028749740.0020629140.0010329290.0010086340.0014562610.0017765210.000964460.0016189680.0036325540.0093449550.2454939740.0131961930.0031988980.3701135140.0046401760.1167464670.0011493270.0014774950.0006393360.0012513250.000543990.0006681620.0012461510.0007191610.0010118510.003464980.0028581650.000501860.0007324650.0079144630.0018071410.0012779330.0005351210.0006881180.0070918260.3670385820.0040688690.1890071170.0202362910.0017318070.1849586910.0009075190.0003745430.0004877090.0005826230.0012747610.0006643950.0009557060.0014251630.001896810.0074930570.0058839080.0012849830.003162080.0067928870.0125507660.1511621790.0019343810.2086052920.0154728850.3480184310.0028161360.0005847120.0004996370.0008738240.0016849230.0024729510.0016539210.001158610.0024823230.003446270.0012790130.0019199610.0008630090.0020172930.0082479760.1162358350.3776165510.0041975250.0280899310.2193813940.0024863730.0020601780.0007171690.0009444250.0007185850.0006810620.0011922130.0008644250.0015964610.0043794720.0051780570.0023086740.0035780560.0007766380.0006697350.0014364610.001061240.0077175280.192836120.1343244240.371439250.0310187870.0010805220.0010831920.0034691490.0003163480.0004157910.0003530550.0003510530.000487870.0008222380.0017018720.0011352490.0021763940.0017225610.0035866120.0019374650.000518570.0002382620.0003830880.0003230220.0014702840.0007681780.0137491240.2022470730.4236554870.0148922340.0013448140.1104748070.00128690.0032702740.0005264930.0005543220.0036305460.0005392790.0006882020.0015636850.0012034130.0029483620.0036162560.0023090480.0025286710.0006280310.0003557590.0008890210.0006190050.000645330.0005919290.0018705550.0014094970.0120356330.0202255340.353409530.004477830.1644166520.1933042180.0009822920.0035220250.0003927660.0006190410.0004616320.0012047840.0007915850.0014900870.0056591540.0123111940.0345699190.0033912750.3218824810.0242303480.1493258520.1915274110.0015753250.002244130.0006898860.0014611920.0006600810.0007974770.0008672650.0014001280.0008367320.0030997630.001323070.0006542650.002961640.0006658970.0008672650.0046685460.0007545860.001447380.0008381860.0005728460.0101345680.282672260.0026607880.0297059580.3653560230.0098686310.0013039990.0013000590.0021533710.0013481220.0021305210.0366845180.1261948320.0011388070.0198794220.250966010.0331131870.2265412410.0006109680.0007905960.0038832220.0003197260.0003464670.0004452920.0007592050.0004644750.0007161870.0013538960.0012335620.0010207990.0003720450.0009876640.0003528620.0006394530.0009719680.0004987730.0002615940.0101312560.1998675360.0217255820.1822859850.3019113210.0028613720.0006478440.0006449490.0004531290.0011024210.0003575810.0006036890.0015866750.0017893530.0011574330.0008476260.0035772580.001499090.0007267440.0093716640.3644774730.2731942380.0669703130.0254417790.001358770.013891160.0024240810.000394850.0004476870.0009003730.0004226970.0005612160.0006161950.0008582460.0018592950.0041834130.0054122330.0025618850.0075621320.0589684220.2660934650.4164775760.0043856610.0234602820.0006261930.0009828070.0006531510.0004336370.0018793490.000514510.0011060430.0011037320.0028644670.0016236340.0027358390.0010683020.0034552290.0032965630.000788710.0006400570.0003365880.0005638050.0007555910.0006523810.0106006060.2220410340.3305203510.0371534240.0012327520.0683312430.0122835470.0005269840.0010272940.0035216340.000436870.000723070.002335020.0004584970.0005291460.0009249250.0017907350.0029391410.0022225590.0005651920.0005414020.0008066960.0004952640.0004822870.000349640.0002559220.0008636480.0004902170.0004246150.0016926910.0164713010.024890010.0022744670.1858209860.1941892190.3599110440.0049191960.0011737930.0007918630.0007669710.0006821840.0009342120.0012725810.0021484530.0017198520.0010127760.0030647740.0011590140.0004923860.0014164860.0018427540.0023296950.0090270820.3857888560.0213557410.0021171430.223016440.0089125160.1182827580.0027830580.0007564660.0010489560.0005208720.0010072860.0006907560.001427990.0006987690.0010978370.0061526970.0050083820.0082842650.0037908340.3144042920.0212181320.0049949130.204229280.2203507560.0064961680.0007839320.000865180.0010752530.0024667140.0012970380.0011294180.0011147790.0035836890.0088845620.3804503830.0432972090.0027060290.1067044950.0019573170.175276490.0015018680.003072610.0017055240.003491030.0017232980.0007894440.0086001960.0056149740.0014766890.0053424450.00465520.0007820380.0005702360.0097614040.3586359450.0197971960.0015289610.0746002480.2710126830.035936780.0015256570.0008532780.0014488370.0129371090.0016812810.0225603520.017323980.380811910.273264430.0436707590.0018738110.0006671390.001127570.0013656210.0008723560.0010559310.0091130930.0741149820.0144954630.3370164960.1746054340.0021637340.0947079840.0010181450.0015088080.001554830.0028526460.0021403690.0006181090.0008984880.0014868590.0007129840.0021389530.0014514580.0005621740.002114880.001202940.0006719190.000592620.0005211090.0004000360.0004538460.0009466340.0005246490.0056939630.3148149690.1018090320.0008692730.0223069530.020900020.1764638550.0037310070.0006243780.0010225930.0003350830.0003108020.0030989970.0002518330.0002934580.0003857270.001424970.0043630160.0019105970.0004988090.000462040.0008505420.0010843370.0003919710.0002351820.0002997020.0002941520.0002983140.0003968270.0019008850.0002719510.0006639220.013712040.0495607440.0036765370.3963458040.1781181180.0932226560.0006563510.0007680560.0022292340.0004828970.000750710.0005148120.0005127310.0006875730.0008832290.0004711020.0018601240.002017620.0009359590.002442930.0013557190.0005959890.0005321580.0004822030.0071546420.1788270230.0012476910.0149256380.0284947370.3011443950.0016653150.0025257410.000504260.0007530570.0011232920.1933683580.0008389520.000393930.0006686440.0005264740.0020148170.0025694280.0018674630.0005183280.0006827130.0017341790.0005286950.0004753810.0004657550.0007908210.0008552420.0090522360.2788106770.1968567050.1175023420.042692660.0086133950.0084561140.0075172320.0027259840.0023839480.0021463090.0018434220.0014581160.0009718490.000930640.0009072880.0008379190.0008042650.0007754180.0007122310.0006861320.0006765170.0006462970.0006277520.0005734940.0005590710.0005391530.0005130540.0004429980.0003962940.0003282990.0002905240.0043125360.0024458070.0481377530.0114414920.1847137450.2793424330.0202044250.1390340090.0013179120.0005639470.0005837890.0008829320.0008615650.0005982880.0007501490.0087354610.0021105850.0170236040.3072077540.0426624780.1901567270.0058042910.1376424390.0010520370.0006425090.0008791090.0013088960.0087657670.0015650310.0024101340.0018182730.0028247260.0008798330.0012857420.0104856370.0896697140.1915187950.0033032130.2802937130.0442561610.012920690.0021556780.0136444120.0104735520.000458310.000888460.0005209670.0008419960.0012327210.0009018360.0022760630.0023894090.001283410.0008159470.0017726960.0009792770.0011116310.0006666970.0013024180.0007406180.0009764610.0010179980.0090767970.2540584660.0803469960.0240387630.1664018710.0022046660.12007050.0011220910.010433330.0002970440.0002711550.0003638110.0006506350.0004026450.0003651730.0006336030.0016289730.0026236620.0008488920.0011834070.0010607740.0009790190.0010042270.0005389030.0002868250.0003433720.002827368
Tripura,0.1346998830.5379577520.0438157660.0065692410.0033847370.001650720.0088422850.094291280.0023058820.0039894410.0037563690.0030010910.004763140.0101710310.5470351040.0531564290.1222625050.0042717730.0090206230.0038973020.0037376920.0027063620.0675520660.0036412240.002634450.0044427840.009720454
Uttar Pradesh,0.2535434070.1460891220.2940013040.0327970650.0019051080.0008490630.0002896510.0003437270.0011735210.0004301250.0006625920.0013139960.0025217040.0025285410.003895370.0278802190.1047248050.2148375050.3694484870.0042839410.0006854830.0008983090.0006195460.0017378620.001939590.0011365960.0025480380.1587944410.0081442890.1012354620.4113322530.0014088980.0002203370.0002266320.001216890.0003418370.0025993480.0003141380.0004551540.0010588770.0005319570.0004721510.0021599330.002192040.0003065830.0011734530.0029833650.01558690.3117079080.1473188650.1799772230.0015722620.0015895460.0004622040.0011241410.0101153530.0018993890.0016292370.0021234490.0036969910.1645117680.2462972550.18443250.0019867160.001235420.0030674580.0006876840.0005705030.0005765290.0142853410.0024741880.0011477020.0023951750.0028980480.0043323410.0017945980.0111355340.0908275180.273830760.2244488530.0017195410.0005976350.0007528280.0005395080.0009650190.0145825160.002522030.0012793560.0016766510.0031868220.0023120960.0007212250.0007234820.0029385120.0500973420.0967648170.2072893040.2217824430.0027662820.0012857370.0012344060.0005052650.0011342190.0015491920.0012758420.0015139410.0042703280.1492060440.0094694810.2096987470.2127544470.0022637220.0213402910.0037655860.000924270.0011841280.0013713440.0039486680.0021544630.001648330.004522720.3424845150.1055421910.0061771290.2400305650.0015852410.0005420120.0004617140.0004850270.0003095360.0006346140.0016843180.0005556110.0016143810.0009266660.0015703470.0050374130.0243206140.3020769810.1704018620.1200183860.0008223810.0006024750.0066839040.0004636170.0001972360.0002165060.0004160080.0008739570.0009827770.0029545660.1325533580.1419163880.0941704450.2813460230.0020097330.0003992890.0002929890.0038719750.0002923250.000659060.0026010260.0017991260.0013898720.0013068250.0025983690.0734172250.0811103720.3217242620.0453792560.0006566130.037813360.0006748520.0002663780.0002646810.000464040.000502640.0004207750.0006303150.0014459910.0019677180.0026319660.1608622690.3019481810.0064080070.0998117420.0007683360.0162921570.000326770.0020794430.0002532590.0003302940.0003892030.0022687580.0005956370.0004919170.0012738480.0021136810.0013513860.0017602260.0003967560.0006167840.0002472170.0005014830.0003136790.000492420.0019314150.0340444450.0741386380.1050865110.3480974820.0025615690.0008379230.0056017040.0023709480.0014858020.0032768270.0039822950.1270886710.1261952590.0349523680.2869971210.0018827460.001715440.0004377830.0003491110.0005454160.0003708610.0009608920.0050068990.0025982560.0010272560.0034481680.0489554140.1238772270.3094369470.1028416760.0028670890.0015793720.0009090770.00161860.0012331380.0032229880.0217998410.144977590.1031778680.3415839410.0046710970.0006336710.0007953590.0006265380.0003893570.0014242740.0004345340.0011044670.0016923660.0010456170.0012839870.00161390.0028503320.0012376210.0015901230.0060383060.0011609380.0191950470.1561949130.0742299580.3216528660.0020091040.0004215480.0003069310.0004248540.0003317280.0043003430.001351710.0007802770.0023380770.0020151660.0014238960.0028604660.0153013260.2698936210.135011660.1603732040.0016152280.0005516960.0004371810.0012982560.0004068120.0003144410.0009673650.0006725370.0019720580.0033044790.0024098720.0022219660.0006016770.0019619360.001490590.0017240480.0003688510.0004112410.0010483480.0013014190.0006364740.0014140360.0020144480.0009939380.001693680.3266148890.0045499040.072649990.2569281090.002258150.0004600610.0007624920.0017156080.0003091510.0003042640.0003788020.0005737020.0021542850.0008981280.0014816050.0028434610.3604943080.1398934580.0864053170.0012673480.0033804020.0003393710.0005275070.0004204330.0034148830.0005541250.0015377560.0010562240.0013786570.0038250320.1736827060.0869291520.3011036120.007889280.0006472440.0012729350.0012894170.0013857750.0008450310.0045154960.0037072330.003931010.0887281710.281705570.1876787940.0019337020.0011265330.0032490270.0004471090.0004861110.001167230.0004578480.0008184740.0016171650.0023712020.0031941980.0023078940.0035531290.2478910870.0567624010.1641762070.1150233710.001631010.0006966720.0008708390.0005170610.0013933430.0007190470.0026197750.0016394760.0018257390.0063474520.1668025780.0637282680.0506063110.0045905220.3114379650.0020059120.000432070.0022252520.0010852840.0005792990.00122470.0009416610.0008425070.0011327570.0040484810.117460150.1435427260.3272792330.0174544060.0015976980.0033192630.0019070650.000753970.0012985040.0015659840.003680690.0018819330.0068940380.1463163130.2653127830.0136467850.1227270940.0014095940.0006962080.000558280.0006992390.0008149370.0018238830.0065402110.0012741920.003976670.0050341180.0097656040.0953350650.0015528750.2373242450.1716640880.1095229080.0017035180.001923230.0018601150.0018845280.0020923320.0071635870.2312885220.1502091410.0039434140.0063971360.0017894270.0022406340.1506263310.1097493580.0082000410.0013760870.0011103690.0025808050.0024036590.0021392250.0012380930.0052232260.2364237550.1007377460.2693388150.0187735890.0014158890.0012849430.0052178240.0016448820.0014223390.001615210.0014958750.000995960.0015307080.0042870150.002306060.0057790190.0081805470.2102797030.1613071250.1628324510.0135896890.0011683470.0009192780.0004864710.0004841380.0007559550.0009735250.0007734540.0027648350.0019173020.0024090230.0023594430.0044680670.2390922750.1884643450.0191673680.112865230.0016069880.0004908470.0004079770.0006710750.0005812510.0005511160.001294630.0010344290.0017211510.0050040880.0055824420.0964062890.0924860190.0020333650.2397135080.0015699560.0008690660.0011273370.0044437420.0910639110.0019469670.0008399590.002712540.0016041460.0012802670.0014849440.0042861920.0019164740.0018420880.001837930.0023692570.0011975650.0021373210.247674620.1685665390.0286139550.1318500660.0027826230.0007763050.0009933660.0012104270.0008127540.0008878280.0008796680.000969430.001319230.0023283720.0054569870.0040322190.0034294530.0022924670.002561210.029113990.0330515150.287753160.1478787210.021246120.0003810340.000228210.0001851320.0002682110.0002779550.0002574420.0002948780.000436420.0007620680.0004353940.0009748940.0006020650.0003559050.0005641150.0004769340.0001994920.0001446190.0003389820.000293340.0001728240.0002000050.0002261590.0003118020.0003687260.0024082590.1089191290.0398964480.3300621840.0065099060.0021988090.0032634170.0016583550.0009172680.0009943860.0010414090.0009360770.0013216680.0020878350.0041932240.0027699860.0049618990.0022182460.003391320.0345637280.2447242050.1801055550.003273960.002460710.0008306170.0009683550.0011204650.0006371860.0010497990.0009414060.0006826990.0013109020.0015246940.0152870660.0038710230.0026691130.0019792280.0014695990.0007827080.000624610.0013180880.0029248260.0014043240.0007515680.0007779170.0016324890.0038458710.0014276790.0017037530.0013707880.0033158810.0007497710.0006078420.0010683640.0246422780.1358491940.2408572410.1339110570.002232790.0019845070.0016065050.0011075910.0009608510.0009397210.0034249030.0013869830.0033761850.0082297450.0027176180.0031766190.1209320240.0699763570.0807623420.0058162640.0016115180.0010830850.0012584520.0009152910.0024510690.0014320720.0036757290.2189409890.0019471050.0017490160.0032731410.0053006480.07096440.2517039180.1584434320.059204440.001396720.0013056290.0016452050.0011507140.0011550510.0005831030.0009945590.0007448350.0009524220.0012802230.0018174710.0028870090.0014995840.0030822030.0013260780.001120970.0363760630.0006277180.001230650.1129333540.257519020.1562173270.0078471820.0034693480.0013893790.0018614870.0029017650.0010473060.0015680310.0036110980.2704227910.0706429260.2594176750.002667940.0007087230.0004455780.000512470.000490910.0005329250.0015982210.0031638260.0014191050.0040798590.2946237950.0330290560.0159646440.1562552750.0010557030.000224050.0001837090.0002259120.0003599690.0074010950.0002637710.0002687360.000448720.0004238950.000867650.0018650140.0014584970.0004127240.0006634610.0005765720.0002948030.0014138110.1145442670.2722913430.054746740.0831160750.0010686210.0044746370.0003375480.0002957080.0005863280.0004517610.0007633010.0015571330.0010477010.0012772560.0030712950.0030141890.0019240830.0024227720.002232230.0958679810.1385282560.2907133310.0439293570.0013379690.0010846820.0017682380.0024168220.0014921660.0026197690.00252280.0054530840.1106554070.298071170.199488420.0435231560.0028653470.0010501790.0021816180.0009414860.0010977970.0010538020.0013483070.0014114530.0023405170.0044512260.0059227180.0072249610.2611541010.0450111130.1076506060.1014710650.0055598610.0027963290.0036231450.0010103610.0017151970.0017002370.0033078380.0019764180.002346960.0024821730.0133124820.0060121070.1184439290.2135436730.0094615310.0228797240.1412599770.0040197150.0015207370.001626240.0029684330.0019983080.0018297540.0031931730.0044573320.0086299950.1655561730.0258140590.2692856030.099583710.0016783460.0013597430.0009181310.0041989130.0012040430.0007452540.00108990.0013841230.0030186960.0032347920.0064313510.0183519330.1908094810.1661331640.1158015290.0037710470.0036749880.0042277610.0021242340.0019223370.0028518690.0052815370.0087252930.0855653260.2631947840.0303808910.1020532860.0014143290.0007949720.000580680.0006825990.0006805090.0038593510.0008284220.0017728760.0011430660.0016275760.0029540970.0044029220.0972494990.0614754020.1882742330.1510666530.0026557560.0038636260.0007758450.0007326430.0013086770.0025141470.0012690740.0010380610.0013992820.0019891170.0020329190.0049928930.0022465320.0008628510.0015558910.0025945520.0007272430.001026660.0011568680.0021745270.0971080790.1407884140.2638818370.0925382190.0018945230.0014872670.0018160920.0007639670.0011822610.0012612720.004636090.0017649680.0041457570.0022285770.0050694890.0815706670.0747207250.120196630.2828324130.003279460.001540230.0034295720.0027578060.0052079110.0036279960.002408120.0066354130.0132507240.1702812590.1364152590.2514024530.0033698440.0040121620.0011298750.0017599750.0006615180.002407530.0015068880.0044764470.0040959430.002738580.0043181940.0149032120.0591368450.2055039540.263872480.0050767710.0016330620.0034998540.0022695650.0024569150.0035553870.0082373190.0857060910.2228430810.0335292680.1771541160.0034165380.0010642730.0008563250.0012377580.0021670980.0022810020.0018960650.0022588050.0030637270.0066391470.0069236150.1454358870.1934835130.1089940050.0111885370.0025105140.001441770.0016559660.0569420830.0017829180.0020860360.0056390090.0019428660.0035110290.0030994140.0081579120.0679075880.0107842710.2102137860.1164508350.0597688250.0018704430.0011105750.0249844370.0014934320.0019627960.0008878760.0012853450.0027752690.0031411750.0013999090.0046690920.1696618910.0992259060.1108523540.0500262570.0040643460.0563422020.0054098550.0031344120.001801960.0015379680.0014391840.0053201550.0018382950.0028039960.0029084570.0062177280.0044066840.0038469070.0154816060.181327190.1587417120.2001033860.004703280.004571810.0019759710.0015681330.0039513820.0012531640.002006740.0026982180.0025292650.0056884680.1261183160.1317607640.0115679390.1832112860.0039163690.0012807760.0009893320.0011316410.0020479810.0021435530.0009037370.002644520.036334850.0011962310.0018998960.0047224330.0058005110.0014682440.0006380250.0016704170.0007010390.0011363670.0007756070.0016074020.0030803730.002492760.1227526790.132568350.2705143790.03281050.0021524490.0029802690.0020549230.0008553570.0018334820.0011249870.0028689750.0013418380.0019820660.0031104950.0023400420.0089017980.0024186360.0035172340.0024151940.000958620.0012328390.0014600160.0010486880.0026073770.0240122310.2831567220.11887890.0926539450.0012594620.0026502270.0021134590.0006150250.0009837250.0062358590.001058830.0011150280.0028041140.0022027450.0023041110.0042820650.1692518470.2201384660.0661847290.0790491570.002261760.002286150.0021594390.0053682590.0011677630.0015925120.0012760320.0025401670.0032629540.0028590260.0060095470.2747760560.1279045190.0834854330.0208929420.0027405660.00063810.001014430.002403530.0029918210.0035463540.001054830.0010603640.0028390760.0022823290.0031893950.0068652510.2374645610.0759478210.1297905220.0287911410.001645370.0007539390.0016834370.0029748480.0017499110.0055502840.0024691920.0022799970.0076672220.1950176650.1408216820.0131401710.1570476750.0063335480.0034114370.0010430520.0086477640.0011501860.002780670.0008414240.0027301120.0012813950.0019904060.0046422750.0105394740.1998131670.1627024740.1564938720.0077921650.000762130.0009194880.0012347920.0030573280.0009952320.0018096190.0023785740.002269950.0022030140.0014720030.0028623920.001105030.0020650320.0033233110.0096038730.1236214460.0877192890.0102135670.2008326320.0040452390.002214570.0880132960.0013447110.0011876610.0020231480.0040087530.0009444180.00218390.00155940.0043165080.0014388360.0021310210.0023568140.0252085620.2360259170.0962071620.0960970360.0029770050.0397680260.0025653880.0009068820.0021495580.0010079810.0026339910.0016302220.0021850630.0050080130.1245985490.2034518460.0801257270.0076351420.092713730.0014302110.0018645330.0005542140.0006198140.0036391480.0014172040.0015919510.0034870220.0038642270.0020777360.0037720460.1985832210.0973598610.023127450.11944720.0021775790.0011920980.0009470790.0038975750.003685550.0235125550.0014106130.0012597070.0106207020.0011163740.0014571280.0039381410.0346903630.0014998580.0112675930.0011407140.0010076580.0014035810.1011575770.0191731470.140623340.2316158460.0099245810.0048748160.0008203090.0008155520.0011173540.0007753830.00141070.0014313130.0023055350.0041401310.0027902150.0044651890.1341340280.0104955870.1703723360.1523586480.0022308950.0036147270.001341090.0006167020.0011778950.0330332350.0019899870.0038439780.0013788360.0019250420.0035420110.0189245850.0027138210.0008814780.0031145940.161555250.017069510.2599500480.1281405880.0097907710.0008549190.001570490.0008273010.0008932090.0038728720.0048752990.0014976780.0024367080.001875550.0031340760.0054960890.0029928450.0009302420.0017380850.0026494960.0013482870.0019998330.0428047310.0256390230.3289138270.0342934880.0013908960.0011531360.0009306610.118448650.002057190.0015137390.0004970320.0006476130.0009850060.0012889990.0006634640.0024494940.0007789470.0005643970.0011321910.0008117810.0004743880.0006804470.0005304310.0013150390.0006515760.0008627290.000739320.0007704560.0006164780.0010229340.0006747860.0016133720.0006079860.0003243730.0005728880.0003832470.0007738520.0002394580.0001766220.0002598380.0003390910.0017113060.0011610610.0042156370.1338462160.2200454810.0123040580.1301167890.0031658160.0147143950.0010465510.0013310820.0011942670.0010705340.0022724320.0023541940.0026278240.0048888090.0887252050.126379920.0632658030.2537025020.0039298850.0024461530.0024107010.0025095010.0019318160.0012425460.002643170.0025600630.0039583630.0025013640.002782070.0065352790.0019178680.0021079110.0013733090.0026960570.0011681560.0046185740.0015604470.002637940.014863880.2307467510.0829529360.0526120240.1145311320.0032378040.0029840020.0018095580.0060479270.001819320.0037222240.0034244950.0057398260.0046996050.01128015
Uttarakhand,0.3302738250.0048624370.008530150.1879545830.0177752120.0014475670.0006483740.0012043350.0006653780.0006491130.001701890.0011969420.0014837940.0011488870.0014305630.0049326710.0079564460.0072994540.0051490750.3201422330.1745271930.0058948030.0053084790.0017984280.0035589770.0052863830.0024076360.0068330780.2777619560.20142620.0112880230.0016313790.0014766170.0019081940.0063149110.0030768840.0066906470.0121615490.3953095680.036779610.2185557460.0060994120.0006437750.0009498320.0004978860.0083634890.0006605370.0021057720.0016798990.0010150170.0011602850.0019741610.0015700170.0064116770.0691855060.3605391290.2523006950.0035090970.000432170.0110598930.0003737360.0002763450.000404170.0006799060.0003877350.0006348630.0005569510.0010238160.0015430290.00227650.0011492060.0016854620.0012581620.0004656480.0006397330.0022771080.000617820.0004991260.001855895
West Bengal,0.0462004840.0097204480.2723386530.3263282640.1349030590.0044161320.0025839790.0041787450.0031839530.0035924070.0081845640.0031356080.0070713890.0075048730.2464139570.2283326460.231867190.0793508240.0040525910.0036304030.0048480160.0052185350.0071044410.0135188330.00793160.3230708550.2776203760.1446931020.0571921470.0031995420.0018511640.0029390080.0043148110.00606150.0049860620.005579610.0108007410.3397388170.0042027510.2024960440.1163313050.0626766510.0027784080.0014118180.0020220520.0014612210.0021173790.0037915210.0388037750.00424450.0125560660.2276577160.1463979770.1388788390.2288353520.0040568610.0025015750.0061923160.0024057210.0026046360.0039956010.0232810050.0039984840.0078766090.3265380470.0643405290.2412735940.1777716490.0036516630.0084073540.0021076180.0011685960.0013447620.0031638180.0038055090.0045014060.0093192730.2265312590.0043699160.2726261870.1255763180.1384236870.0032621780.0047740050.0063054750.0050006030.0029640220.0023487680.0085328760.0032944490.0045221510.0073528790.2822944560.1554994530.0045563090.1604729420.1429929860.0096144210.001075610.0018305410.0009961820.0014259810.0020190880.0025067870.0157422040.0024362670.0049111340.0084816530.0078209960.006229480.2717632810.2658990440.0039571560.069522210.1490706040.0056953730.0021693580.0068091540.0016656420.0124003350.0072252050.0079610190.4014003470.1561319670.0032164360.0561679430.1552494420.0029729330.0080080730.0033491930.0076985350.1911430340.270150480.0037841460.2823540540.0668402440.0035599540.0055406460.003974610.004262290.0074948850.0028172780.003001790.0067164960.0506431890.248874750.2971248990.2230436020.0041766460.0025386260.0048849420.0032943230.0052661770.0051747620.2424957060.0056873730.3683759360.0575338040.1457841630.0023888710.0024905650.0049611660.0054016320.0091250020.0284712340.3577648790.0059758050.2626134780.1588764420.0018484950.0006951330.0007606870.0017031080.0023294410.00567140.0064677850.0042401390.3722792180.1789908810.0236874450.2116441450.0034306440.0017091070.0013882610.0015817010.0027617610.0024331470.0039123010.008529220.2335095570.1812392910.0242649080.0028997550.3437059250.0034303450.0010981660.0011507980.0023158210.0119752690.0268774560.3472962580.2328449650.1960666110.0080500160.0016122510.0009770010.0045577980.0008804910.0027247630.0042140620.0045683740.0083950730.0685162180.3302880190.0047068420.2567208020.1569083780.004382140.016891230.0040091350.0054260180.0066892710.0263881310.0019942090.0776061820.3391635430.264862990.009140180.0805183160.0040501150.0018214550.0035380240.0060456950.4233398380.044692820.0318219220.3301309460.0029520720.0009141680.0068532390.0031522350.0021635090.0014105460.0062749150.1290932530.3268053380.2809814680.0405208770.0018587150.0016254110.0011928680.0021029440.0008496610.0008098130.0006279270.0008663720.0023182520.0042630890.0056172770.0042637320.006849350.0024721980.0165088930.0974534790.3661259370.2876654560.0070919810.0008397330.0009174390.0008109060.0017778520.0021344250.0018079320.0019219850.0098179790.0673193310.165201840.002708130.2561656820.1752665410.0017332270.0006544840.0009220930.0022405560.0005191970.0007090740.002369910.0025722480.001094170.0019913420.0115771950.1367190030.0014832790.1725687510.0912024880.239672660.0030676750.0004602560.0005223210.0003821520.0004937290.0010007080.0029065850.0012970850.0012622170.0008012640.0033528940.0026164850.0003612310.0063480440.1648529430.3245374560.0420264710.0021533470.193678290.0017806140.0007168960.0004218990.0014523960.0012052360.0015567080.0013514060.001044450.0013985790.0029506360.0065969080.0468207250.0946665540.0027046210.2551117190.3940165620.0045608550.0020032690.0009664290.0039409590.0016822770.002724640.0017457850.0020640160.0057136660.0530153850.3170695510.2231517980.1771584160.0026107760.0020972420.0016612910.0016465130.0026335590.0040719490.0094665270.1357455820.2608693520.0259048540.0033858020.3768688170.0047127620.0019612990.002310370.0056145790.0101328680.4678918170.0990318650.2511533830.0174168110.0044129420.0111460840.4694170590.0194104130.0020363090.0564830260.3080307190.0066766060.0009821430.0011013090.0017403570.0023630350.0076233910.4540693190.0055675990.0745312190.0182701530.3000914510.0049214680.0021873190.0064398430.4257688190.0588901880.0764537980.2637739220.005017110.0010915940.0013374820.0012313030.0034442950.0027929410.008952560.0274643550.4572561270.2214211530.0830167470.0056700780.0051575740.0102460020.0040763010.0026282750.0034288920.005747360.0050524980.0058409120.0155479720.0057612560.2635994650.1200735090.0326164440.3870450420.0052551460.0065347580.0035601090.0040475490.0031093450.0090793130.2135966790.1752274050.0585869060.0066918810.3181374420.0061225610.0050178910.0048697870.0076538810.0037936510.002767110.0046021120.0113632890.2559821310.0146434530.0049128480.3214863290.1670308520.0060679130.0068020470.0039293480.0041288410.0020647530.0050398590.0050298840.0032424270.0060147150.0157479790.3946156610.0069035760.1223855950.0184427110.2925754010.0053281670.0033307860.0046723720.0046491940.0142666170.3003314090.0449562860.0035516540.1114887710.3749794420.00520870.0038629620.0022254940.0063083950.0091049470.0280108240.1497983890.3501880330.0074910250.2824069540.0042090440.0047830910.0031474680.0106637530.0330016520.0031727910.2378082640.1740707530.2857641510.0028958610.0021195030.0038974360.0016561380.0016670250.003366030.0069586390.0097048070.0034129790.0078105230.4099612520.1283614820.2564844080.0305202540.0038689020.0035165930.0041412590.0112595970.2630646070.1576849270.0047763040.3080539020.0883452420.0044097710.0014748290.0048117540.0053434950.001994530.003643930.009736544
